sample_id,image_path,mask_path
image_1301,/Users/anykong/AAL_SD/data/Landslide4Sense/TrainData/img/image_1301.h5,/Users/anykong/AAL_SD/data/Landslide4Sense/TrainData/mask/image_1301.h5
image_3744,/Users/anykong/AAL_SD/data/Landslide4Sense/TrainData/img/image_3744.h5,/Users/anykong/AAL_SD/data/Landslide4Sense/TrainData/mask/image_3744.h5
image_2982,/Users/anykong/AAL_SD/data/Landslide4Sense/TrainData/img/image_2982.h5,/Users/anykong/AAL_SD/data/Landslide4Sense/TrainData/mask/image_2982.h5
image_2747,/Users/anykong/AAL_SD/data/Landslide4Sense/TrainData/img/image_2747.h5,/Users/anykong/AAL_SD/data/Landslide4Sense/TrainData/mask/image_2747.h5
image_643,/Users/anykong/AAL_SD/data/Landslide4Sense/TrainData/img/image_643.h5,/Users/anykong/AAL_SD/data/Landslide4Sense/TrainData/mask/image_643.h5
image_2664,/Users/anykong/AAL_SD/data/Landslide4Sense/TrainData/img/image_2664.h5,/Users/anykong/AAL_SD/data/Landslide4Sense/TrainData/mask/image_2664.h5
image_1341,/Users/anykong/AAL_SD/data/Landslide4Sense/TrainData/img/image_1341.h5,/Users/anykong/AAL_SD/data/Landslide4Sense/TrainData/mask/image_1341.h5
image_834,/Users/anykong/AAL_SD/data/Landslide4Sense/TrainData/img/image_834.h5,/Users/anykong/AAL_SD/data/Landslide4Sense/TrainData/mask/image_834.h5
image_219,/Users/anykong/AAL_SD/data/Landslide4Sense/TrainData/img/image_219.h5,/Users/anykong/AAL_SD/data/Landslide4Sense/TrainData/mask/image_219.h5
image_2191,/Users/anykong/AAL_SD/data/Landslide4Sense/TrainData/img/image_2191.h5,/Users/anykong/AAL_SD/data/Landslide4Sense/TrainData/mask/image_2191.h5
image_911,/Users/anykong/AAL_SD/data/Landslide4Sense/TrainData/img/image_911.h5,/Users/anykong/AAL_SD/data/Landslide4Sense/TrainData/mask/image_911.h5
image_1516,/Users/anykong/AAL_SD/data/Landslide4Sense/TrainData/img/image_1516.h5,/Users/anykong/AAL_SD/data/Landslide4Sense/TrainData/mask/image_1516.h5
image_1144,/Users/anykong/AAL_SD/data/Landslide4Sense/TrainData/img/image_1144.h5,/Users/anykong/AAL_SD/data/Landslide4Sense/TrainData/mask/image_1144.h5
image_864,/Users/anykong/AAL_SD/data/Landslide4Sense/TrainData/img/image_864.h5,/Users/anykong/AAL_SD/data/Landslide4Sense/TrainData/mask/image_864.h5
image_2063,/Users/anykong/AAL_SD/data/Landslide4Sense/TrainData/img/image_2063.h5,/Users/anykong/AAL_SD/data/Landslide4Sense/TrainData/mask/image_2063.h5
image_2058,/Users/anykong/AAL_SD/data/Landslide4Sense/TrainData/img/image_2058.h5,/Users/anykong/AAL_SD/data/Landslide4Sense/TrainData/mask/image_2058.h5
image_563,/Users/anykong/AAL_SD/data/Landslide4Sense/TrainData/img/image_563.h5,/Users/anykong/AAL_SD/data/Landslide4Sense/TrainData/mask/image_563.h5
image_3410,/Users/anykong/AAL_SD/data/Landslide4Sense/TrainData/img/image_3410.h5,/Users/anykong/AAL_SD/data/Landslide4Sense/TrainData/mask/image_3410.h5
image_301,/Users/anykong/AAL_SD/data/Landslide4Sense/TrainData/img/image_301.h5,/Users/anykong/AAL_SD/data/Landslide4Sense/TrainData/mask/image_301.h5
image_2489,/Users/anykong/AAL_SD/data/Landslide4Sense/TrainData/img/image_2489.h5,/Users/anykong/AAL_SD/data/Landslide4Sense/TrainData/mask/image_2489.h5
image_2037,/Users/anykong/AAL_SD/data/Landslide4Sense/TrainData/img/image_2037.h5,/Users/anykong/AAL_SD/data/Landslide4Sense/TrainData/mask/image_2037.h5
image_2315,/Users/anykong/AAL_SD/data/Landslide4Sense/TrainData/img/image_2315.h5,/Users/anykong/AAL_SD/data/Landslide4Sense/TrainData/mask/image_2315.h5
image_3562,/Users/anykong/AAL_SD/data/Landslide4Sense/TrainData/img/image_3562.h5,/Users/anykong/AAL_SD/data/Landslide4Sense/TrainData/mask/image_3562.h5
image_2026,/Users/anykong/AAL_SD/data/Landslide4Sense/TrainData/img/image_2026.h5,/Users/anykong/AAL_SD/data/Landslide4Sense/TrainData/mask/image_2026.h5
image_3271,/Users/anykong/AAL_SD/data/Landslide4Sense/TrainData/img/image_3271.h5,/Users/anykong/AAL_SD/data/Landslide4Sense/TrainData/mask/image_3271.h5
image_3188,/Users/anykong/AAL_SD/data/Landslide4Sense/TrainData/img/image_3188.h5,/Users/anykong/AAL_SD/data/Landslide4Sense/TrainData/mask/image_3188.h5
image_398,/Users/anykong/AAL_SD/data/Landslide4Sense/TrainData/img/image_398.h5,/Users/anykong/AAL_SD/data/Landslide4Sense/TrainData/mask/image_398.h5
image_113,/Users/anykong/AAL_SD/data/Landslide4Sense/TrainData/img/image_113.h5,/Users/anykong/AAL_SD/data/Landslide4Sense/TrainData/mask/image_113.h5
image_2948,/Users/anykong/AAL_SD/data/Landslide4Sense/TrainData/img/image_2948.h5,/Users/anykong/AAL_SD/data/Landslide4Sense/TrainData/mask/image_2948.h5
image_3228,/Users/anykong/AAL_SD/data/Landslide4Sense/TrainData/img/image_3228.h5,/Users/anykong/AAL_SD/data/Landslide4Sense/TrainData/mask/image_3228.h5
image_1130,/Users/anykong/AAL_SD/data/Landslide4Sense/TrainData/img/image_1130.h5,/Users/anykong/AAL_SD/data/Landslide4Sense/TrainData/mask/image_1130.h5
image_1494,/Users/anykong/AAL_SD/data/Landslide4Sense/TrainData/img/image_1494.h5,/Users/anykong/AAL_SD/data/Landslide4Sense/TrainData/mask/image_1494.h5
image_2563,/Users/anykong/AAL_SD/data/Landslide4Sense/TrainData/img/image_2563.h5,/Users/anykong/AAL_SD/data/Landslide4Sense/TrainData/mask/image_2563.h5
image_1964,/Users/anykong/AAL_SD/data/Landslide4Sense/TrainData/img/image_1964.h5,/Users/anykong/AAL_SD/data/Landslide4Sense/TrainData/mask/image_1964.h5
image_740,/Users/anykong/AAL_SD/data/Landslide4Sense/TrainData/img/image_740.h5,/Users/anykong/AAL_SD/data/Landslide4Sense/TrainData/mask/image_740.h5
image_1761,/Users/anykong/AAL_SD/data/Landslide4Sense/TrainData/img/image_1761.h5,/Users/anykong/AAL_SD/data/Landslide4Sense/TrainData/mask/image_1761.h5
image_2469,/Users/anykong/AAL_SD/data/Landslide4Sense/TrainData/img/image_2469.h5,/Users/anykong/AAL_SD/data/Landslide4Sense/TrainData/mask/image_2469.h5
image_1250,/Users/anykong/AAL_SD/data/Landslide4Sense/TrainData/img/image_1250.h5,/Users/anykong/AAL_SD/data/Landslide4Sense/TrainData/mask/image_1250.h5
image_1803,/Users/anykong/AAL_SD/data/Landslide4Sense/TrainData/img/image_1803.h5,/Users/anykong/AAL_SD/data/Landslide4Sense/TrainData/mask/image_1803.h5
image_3219,/Users/anykong/AAL_SD/data/Landslide4Sense/TrainData/img/image_3219.h5,/Users/anykong/AAL_SD/data/Landslide4Sense/TrainData/mask/image_3219.h5
image_378,/Users/anykong/AAL_SD/data/Landslide4Sense/TrainData/img/image_378.h5,/Users/anykong/AAL_SD/data/Landslide4Sense/TrainData/mask/image_378.h5
image_2087,/Users/anykong/AAL_SD/data/Landslide4Sense/TrainData/img/image_2087.h5,/Users/anykong/AAL_SD/data/Landslide4Sense/TrainData/mask/image_2087.h5
image_2182,/Users/anykong/AAL_SD/data/Landslide4Sense/TrainData/img/image_2182.h5,/Users/anykong/AAL_SD/data/Landslide4Sense/TrainData/mask/image_2182.h5
image_1161,/Users/anykong/AAL_SD/data/Landslide4Sense/TrainData/img/image_1161.h5,/Users/anykong/AAL_SD/data/Landslide4Sense/TrainData/mask/image_1161.h5
image_1847,/Users/anykong/AAL_SD/data/Landslide4Sense/TrainData/img/image_1847.h5,/Users/anykong/AAL_SD/data/Landslide4Sense/TrainData/mask/image_1847.h5
image_3048,/Users/anykong/AAL_SD/data/Landslide4Sense/TrainData/img/image_3048.h5,/Users/anykong/AAL_SD/data/Landslide4Sense/TrainData/mask/image_3048.h5
image_460,/Users/anykong/AAL_SD/data/Landslide4Sense/TrainData/img/image_460.h5,/Users/anykong/AAL_SD/data/Landslide4Sense/TrainData/mask/image_460.h5
image_835,/Users/anykong/AAL_SD/data/Landslide4Sense/TrainData/img/image_835.h5,/Users/anykong/AAL_SD/data/Landslide4Sense/TrainData/mask/image_835.h5
image_783,/Users/anykong/AAL_SD/data/Landslide4Sense/TrainData/img/image_783.h5,/Users/anykong/AAL_SD/data/Landslide4Sense/TrainData/mask/image_783.h5
image_78,/Users/anykong/AAL_SD/data/Landslide4Sense/TrainData/img/image_78.h5,/Users/anykong/AAL_SD/data/Landslide4Sense/TrainData/mask/image_78.h5
image_74,/Users/anykong/AAL_SD/data/Landslide4Sense/TrainData/img/image_74.h5,/Users/anykong/AAL_SD/data/Landslide4Sense/TrainData/mask/image_74.h5
image_923,/Users/anykong/AAL_SD/data/Landslide4Sense/TrainData/img/image_923.h5,/Users/anykong/AAL_SD/data/Landslide4Sense/TrainData/mask/image_923.h5
image_1433,/Users/anykong/AAL_SD/data/Landslide4Sense/TrainData/img/image_1433.h5,/Users/anykong/AAL_SD/data/Landslide4Sense/TrainData/mask/image_1433.h5
image_2656,/Users/anykong/AAL_SD/data/Landslide4Sense/TrainData/img/image_2656.h5,/Users/anykong/AAL_SD/data/Landslide4Sense/TrainData/mask/image_2656.h5
image_948,/Users/anykong/AAL_SD/data/Landslide4Sense/TrainData/img/image_948.h5,/Users/anykong/AAL_SD/data/Landslide4Sense/TrainData/mask/image_948.h5
image_3033,/Users/anykong/AAL_SD/data/Landslide4Sense/TrainData/img/image_3033.h5,/Users/anykong/AAL_SD/data/Landslide4Sense/TrainData/mask/image_3033.h5
image_2138,/Users/anykong/AAL_SD/data/Landslide4Sense/TrainData/img/image_2138.h5,/Users/anykong/AAL_SD/data/Landslide4Sense/TrainData/mask/image_2138.h5
image_245,/Users/anykong/AAL_SD/data/Landslide4Sense/TrainData/img/image_245.h5,/Users/anykong/AAL_SD/data/Landslide4Sense/TrainData/mask/image_245.h5
image_2832,/Users/anykong/AAL_SD/data/Landslide4Sense/TrainData/img/image_2832.h5,/Users/anykong/AAL_SD/data/Landslide4Sense/TrainData/mask/image_2832.h5
image_132,/Users/anykong/AAL_SD/data/Landslide4Sense/TrainData/img/image_132.h5,/Users/anykong/AAL_SD/data/Landslide4Sense/TrainData/mask/image_132.h5
image_495,/Users/anykong/AAL_SD/data/Landslide4Sense/TrainData/img/image_495.h5,/Users/anykong/AAL_SD/data/Landslide4Sense/TrainData/mask/image_495.h5
image_1118,/Users/anykong/AAL_SD/data/Landslide4Sense/TrainData/img/image_1118.h5,/Users/anykong/AAL_SD/data/Landslide4Sense/TrainData/mask/image_1118.h5
image_656,/Users/anykong/AAL_SD/data/Landslide4Sense/TrainData/img/image_656.h5,/Users/anykong/AAL_SD/data/Landslide4Sense/TrainData/mask/image_656.h5
image_2861,/Users/anykong/AAL_SD/data/Landslide4Sense/TrainData/img/image_2861.h5,/Users/anykong/AAL_SD/data/Landslide4Sense/TrainData/mask/image_2861.h5
image_3511,/Users/anykong/AAL_SD/data/Landslide4Sense/TrainData/img/image_3511.h5,/Users/anykong/AAL_SD/data/Landslide4Sense/TrainData/mask/image_3511.h5
image_154,/Users/anykong/AAL_SD/data/Landslide4Sense/TrainData/img/image_154.h5,/Users/anykong/AAL_SD/data/Landslide4Sense/TrainData/mask/image_154.h5
image_910,/Users/anykong/AAL_SD/data/Landslide4Sense/TrainData/img/image_910.h5,/Users/anykong/AAL_SD/data/Landslide4Sense/TrainData/mask/image_910.h5
image_3643,/Users/anykong/AAL_SD/data/Landslide4Sense/TrainData/img/image_3643.h5,/Users/anykong/AAL_SD/data/Landslide4Sense/TrainData/mask/image_3643.h5
image_2183,/Users/anykong/AAL_SD/data/Landslide4Sense/TrainData/img/image_2183.h5,/Users/anykong/AAL_SD/data/Landslide4Sense/TrainData/mask/image_2183.h5
image_17,/Users/anykong/AAL_SD/data/Landslide4Sense/TrainData/img/image_17.h5,/Users/anykong/AAL_SD/data/Landslide4Sense/TrainData/mask/image_17.h5
image_1759,/Users/anykong/AAL_SD/data/Landslide4Sense/TrainData/img/image_1759.h5,/Users/anykong/AAL_SD/data/Landslide4Sense/TrainData/mask/image_1759.h5
image_2156,/Users/anykong/AAL_SD/data/Landslide4Sense/TrainData/img/image_2156.h5,/Users/anykong/AAL_SD/data/Landslide4Sense/TrainData/mask/image_2156.h5
image_2995,/Users/anykong/AAL_SD/data/Landslide4Sense/TrainData/img/image_2995.h5,/Users/anykong/AAL_SD/data/Landslide4Sense/TrainData/mask/image_2995.h5
image_453,/Users/anykong/AAL_SD/data/Landslide4Sense/TrainData/img/image_453.h5,/Users/anykong/AAL_SD/data/Landslide4Sense/TrainData/mask/image_453.h5
image_3402,/Users/anykong/AAL_SD/data/Landslide4Sense/TrainData/img/image_3402.h5,/Users/anykong/AAL_SD/data/Landslide4Sense/TrainData/mask/image_3402.h5
image_1813,/Users/anykong/AAL_SD/data/Landslide4Sense/TrainData/img/image_1813.h5,/Users/anykong/AAL_SD/data/Landslide4Sense/TrainData/mask/image_1813.h5
image_1125,/Users/anykong/AAL_SD/data/Landslide4Sense/TrainData/img/image_1125.h5,/Users/anykong/AAL_SD/data/Landslide4Sense/TrainData/mask/image_1125.h5
image_3205,/Users/anykong/AAL_SD/data/Landslide4Sense/TrainData/img/image_3205.h5,/Users/anykong/AAL_SD/data/Landslide4Sense/TrainData/mask/image_3205.h5
image_2429,/Users/anykong/AAL_SD/data/Landslide4Sense/TrainData/img/image_2429.h5,/Users/anykong/AAL_SD/data/Landslide4Sense/TrainData/mask/image_2429.h5
image_2862,/Users/anykong/AAL_SD/data/Landslide4Sense/TrainData/img/image_2862.h5,/Users/anykong/AAL_SD/data/Landslide4Sense/TrainData/mask/image_2862.h5
image_2751,/Users/anykong/AAL_SD/data/Landslide4Sense/TrainData/img/image_2751.h5,/Users/anykong/AAL_SD/data/Landslide4Sense/TrainData/mask/image_2751.h5
image_1129,/Users/anykong/AAL_SD/data/Landslide4Sense/TrainData/img/image_1129.h5,/Users/anykong/AAL_SD/data/Landslide4Sense/TrainData/mask/image_1129.h5
image_254,/Users/anykong/AAL_SD/data/Landslide4Sense/TrainData/img/image_254.h5,/Users/anykong/AAL_SD/data/Landslide4Sense/TrainData/mask/image_254.h5
image_857,/Users/anykong/AAL_SD/data/Landslide4Sense/TrainData/img/image_857.h5,/Users/anykong/AAL_SD/data/Landslide4Sense/TrainData/mask/image_857.h5
image_3229,/Users/anykong/AAL_SD/data/Landslide4Sense/TrainData/img/image_3229.h5,/Users/anykong/AAL_SD/data/Landslide4Sense/TrainData/mask/image_3229.h5
image_1152,/Users/anykong/AAL_SD/data/Landslide4Sense/TrainData/img/image_1152.h5,/Users/anykong/AAL_SD/data/Landslide4Sense/TrainData/mask/image_1152.h5
image_2316,/Users/anykong/AAL_SD/data/Landslide4Sense/TrainData/img/image_2316.h5,/Users/anykong/AAL_SD/data/Landslide4Sense/TrainData/mask/image_2316.h5
image_728,/Users/anykong/AAL_SD/data/Landslide4Sense/TrainData/img/image_728.h5,/Users/anykong/AAL_SD/data/Landslide4Sense/TrainData/mask/image_728.h5
image_2511,/Users/anykong/AAL_SD/data/Landslide4Sense/TrainData/img/image_2511.h5,/Users/anykong/AAL_SD/data/Landslide4Sense/TrainData/mask/image_2511.h5
image_1042,/Users/anykong/AAL_SD/data/Landslide4Sense/TrainData/img/image_1042.h5,/Users/anykong/AAL_SD/data/Landslide4Sense/TrainData/mask/image_1042.h5
image_1358,/Users/anykong/AAL_SD/data/Landslide4Sense/TrainData/img/image_1358.h5,/Users/anykong/AAL_SD/data/Landslide4Sense/TrainData/mask/image_1358.h5
image_2445,/Users/anykong/AAL_SD/data/Landslide4Sense/TrainData/img/image_2445.h5,/Users/anykong/AAL_SD/data/Landslide4Sense/TrainData/mask/image_2445.h5
image_400,/Users/anykong/AAL_SD/data/Landslide4Sense/TrainData/img/image_400.h5,/Users/anykong/AAL_SD/data/Landslide4Sense/TrainData/mask/image_400.h5
image_1685,/Users/anykong/AAL_SD/data/Landslide4Sense/TrainData/img/image_1685.h5,/Users/anykong/AAL_SD/data/Landslide4Sense/TrainData/mask/image_1685.h5
image_1824,/Users/anykong/AAL_SD/data/Landslide4Sense/TrainData/img/image_1824.h5,/Users/anykong/AAL_SD/data/Landslide4Sense/TrainData/mask/image_1824.h5
image_2014,/Users/anykong/AAL_SD/data/Landslide4Sense/TrainData/img/image_2014.h5,/Users/anykong/AAL_SD/data/Landslide4Sense/TrainData/mask/image_2014.h5
image_794,/Users/anykong/AAL_SD/data/Landslide4Sense/TrainData/img/image_794.h5,/Users/anykong/AAL_SD/data/Landslide4Sense/TrainData/mask/image_794.h5
image_2375,/Users/anykong/AAL_SD/data/Landslide4Sense/TrainData/img/image_2375.h5,/Users/anykong/AAL_SD/data/Landslide4Sense/TrainData/mask/image_2375.h5
image_1022,/Users/anykong/AAL_SD/data/Landslide4Sense/TrainData/img/image_1022.h5,/Users/anykong/AAL_SD/data/Landslide4Sense/TrainData/mask/image_1022.h5
image_2523,/Users/anykong/AAL_SD/data/Landslide4Sense/TrainData/img/image_2523.h5,/Users/anykong/AAL_SD/data/Landslide4Sense/TrainData/mask/image_2523.h5
image_3056,/Users/anykong/AAL_SD/data/Landslide4Sense/TrainData/img/image_3056.h5,/Users/anykong/AAL_SD/data/Landslide4Sense/TrainData/mask/image_3056.h5
image_1355,/Users/anykong/AAL_SD/data/Landslide4Sense/TrainData/img/image_1355.h5,/Users/anykong/AAL_SD/data/Landslide4Sense/TrainData/mask/image_1355.h5
image_2018,/Users/anykong/AAL_SD/data/Landslide4Sense/TrainData/img/image_2018.h5,/Users/anykong/AAL_SD/data/Landslide4Sense/TrainData/mask/image_2018.h5
image_3554,/Users/anykong/AAL_SD/data/Landslide4Sense/TrainData/img/image_3554.h5,/Users/anykong/AAL_SD/data/Landslide4Sense/TrainData/mask/image_3554.h5
image_464,/Users/anykong/AAL_SD/data/Landslide4Sense/TrainData/img/image_464.h5,/Users/anykong/AAL_SD/data/Landslide4Sense/TrainData/mask/image_464.h5
image_738,/Users/anykong/AAL_SD/data/Landslide4Sense/TrainData/img/image_738.h5,/Users/anykong/AAL_SD/data/Landslide4Sense/TrainData/mask/image_738.h5
image_3679,/Users/anykong/AAL_SD/data/Landslide4Sense/TrainData/img/image_3679.h5,/Users/anykong/AAL_SD/data/Landslide4Sense/TrainData/mask/image_3679.h5
image_1990,/Users/anykong/AAL_SD/data/Landslide4Sense/TrainData/img/image_1990.h5,/Users/anykong/AAL_SD/data/Landslide4Sense/TrainData/mask/image_1990.h5
image_1672,/Users/anykong/AAL_SD/data/Landslide4Sense/TrainData/img/image_1672.h5,/Users/anykong/AAL_SD/data/Landslide4Sense/TrainData/mask/image_1672.h5
image_1663,/Users/anykong/AAL_SD/data/Landslide4Sense/TrainData/img/image_1663.h5,/Users/anykong/AAL_SD/data/Landslide4Sense/TrainData/mask/image_1663.h5
image_2704,/Users/anykong/AAL_SD/data/Landslide4Sense/TrainData/img/image_2704.h5,/Users/anykong/AAL_SD/data/Landslide4Sense/TrainData/mask/image_2704.h5
image_617,/Users/anykong/AAL_SD/data/Landslide4Sense/TrainData/img/image_617.h5,/Users/anykong/AAL_SD/data/Landslide4Sense/TrainData/mask/image_617.h5
image_3302,/Users/anykong/AAL_SD/data/Landslide4Sense/TrainData/img/image_3302.h5,/Users/anykong/AAL_SD/data/Landslide4Sense/TrainData/mask/image_3302.h5
image_3417,/Users/anykong/AAL_SD/data/Landslide4Sense/TrainData/img/image_3417.h5,/Users/anykong/AAL_SD/data/Landslide4Sense/TrainData/mask/image_3417.h5
image_2230,/Users/anykong/AAL_SD/data/Landslide4Sense/TrainData/img/image_2230.h5,/Users/anykong/AAL_SD/data/Landslide4Sense/TrainData/mask/image_2230.h5
image_566,/Users/anykong/AAL_SD/data/Landslide4Sense/TrainData/img/image_566.h5,/Users/anykong/AAL_SD/data/Landslide4Sense/TrainData/mask/image_566.h5
image_3374,/Users/anykong/AAL_SD/data/Landslide4Sense/TrainData/img/image_3374.h5,/Users/anykong/AAL_SD/data/Landslide4Sense/TrainData/mask/image_3374.h5
image_1800,/Users/anykong/AAL_SD/data/Landslide4Sense/TrainData/img/image_1800.h5,/Users/anykong/AAL_SD/data/Landslide4Sense/TrainData/mask/image_1800.h5
image_1546,/Users/anykong/AAL_SD/data/Landslide4Sense/TrainData/img/image_1546.h5,/Users/anykong/AAL_SD/data/Landslide4Sense/TrainData/mask/image_1546.h5
image_1270,/Users/anykong/AAL_SD/data/Landslide4Sense/TrainData/img/image_1270.h5,/Users/anykong/AAL_SD/data/Landslide4Sense/TrainData/mask/image_1270.h5
image_313,/Users/anykong/AAL_SD/data/Landslide4Sense/TrainData/img/image_313.h5,/Users/anykong/AAL_SD/data/Landslide4Sense/TrainData/mask/image_313.h5
image_2371,/Users/anykong/AAL_SD/data/Landslide4Sense/TrainData/img/image_2371.h5,/Users/anykong/AAL_SD/data/Landslide4Sense/TrainData/mask/image_2371.h5
image_2439,/Users/anykong/AAL_SD/data/Landslide4Sense/TrainData/img/image_2439.h5,/Users/anykong/AAL_SD/data/Landslide4Sense/TrainData/mask/image_2439.h5
image_3375,/Users/anykong/AAL_SD/data/Landslide4Sense/TrainData/img/image_3375.h5,/Users/anykong/AAL_SD/data/Landslide4Sense/TrainData/mask/image_3375.h5
image_26,/Users/anykong/AAL_SD/data/Landslide4Sense/TrainData/img/image_26.h5,/Users/anykong/AAL_SD/data/Landslide4Sense/TrainData/mask/image_26.h5
image_1193,/Users/anykong/AAL_SD/data/Landslide4Sense/TrainData/img/image_1193.h5,/Users/anykong/AAL_SD/data/Landslide4Sense/TrainData/mask/image_1193.h5
image_155,/Users/anykong/AAL_SD/data/Landslide4Sense/TrainData/img/image_155.h5,/Users/anykong/AAL_SD/data/Landslide4Sense/TrainData/mask/image_155.h5
image_799,/Users/anykong/AAL_SD/data/Landslide4Sense/TrainData/img/image_799.h5,/Users/anykong/AAL_SD/data/Landslide4Sense/TrainData/mask/image_799.h5
image_2938,/Users/anykong/AAL_SD/data/Landslide4Sense/TrainData/img/image_2938.h5,/Users/anykong/AAL_SD/data/Landslide4Sense/TrainData/mask/image_2938.h5
image_1857,/Users/anykong/AAL_SD/data/Landslide4Sense/TrainData/img/image_1857.h5,/Users/anykong/AAL_SD/data/Landslide4Sense/TrainData/mask/image_1857.h5
image_2648,/Users/anykong/AAL_SD/data/Landslide4Sense/TrainData/img/image_2648.h5,/Users/anykong/AAL_SD/data/Landslide4Sense/TrainData/mask/image_2648.h5
image_3217,/Users/anykong/AAL_SD/data/Landslide4Sense/TrainData/img/image_3217.h5,/Users/anykong/AAL_SD/data/Landslide4Sense/TrainData/mask/image_3217.h5
image_2602,/Users/anykong/AAL_SD/data/Landslide4Sense/TrainData/img/image_2602.h5,/Users/anykong/AAL_SD/data/Landslide4Sense/TrainData/mask/image_2602.h5
image_273,/Users/anykong/AAL_SD/data/Landslide4Sense/TrainData/img/image_273.h5,/Users/anykong/AAL_SD/data/Landslide4Sense/TrainData/mask/image_273.h5
image_788,/Users/anykong/AAL_SD/data/Landslide4Sense/TrainData/img/image_788.h5,/Users/anykong/AAL_SD/data/Landslide4Sense/TrainData/mask/image_788.h5
image_3760,/Users/anykong/AAL_SD/data/Landslide4Sense/TrainData/img/image_3760.h5,/Users/anykong/AAL_SD/data/Landslide4Sense/TrainData/mask/image_3760.h5
image_177,/Users/anykong/AAL_SD/data/Landslide4Sense/TrainData/img/image_177.h5,/Users/anykong/AAL_SD/data/Landslide4Sense/TrainData/mask/image_177.h5
image_1071,/Users/anykong/AAL_SD/data/Landslide4Sense/TrainData/img/image_1071.h5,/Users/anykong/AAL_SD/data/Landslide4Sense/TrainData/mask/image_1071.h5
image_2646,/Users/anykong/AAL_SD/data/Landslide4Sense/TrainData/img/image_2646.h5,/Users/anykong/AAL_SD/data/Landslide4Sense/TrainData/mask/image_2646.h5
image_134,/Users/anykong/AAL_SD/data/Landslide4Sense/TrainData/img/image_134.h5,/Users/anykong/AAL_SD/data/Landslide4Sense/TrainData/mask/image_134.h5
image_846,/Users/anykong/AAL_SD/data/Landslide4Sense/TrainData/img/image_846.h5,/Users/anykong/AAL_SD/data/Landslide4Sense/TrainData/mask/image_846.h5
image_1976,/Users/anykong/AAL_SD/data/Landslide4Sense/TrainData/img/image_1976.h5,/Users/anykong/AAL_SD/data/Landslide4Sense/TrainData/mask/image_1976.h5
image_679,/Users/anykong/AAL_SD/data/Landslide4Sense/TrainData/img/image_679.h5,/Users/anykong/AAL_SD/data/Landslide4Sense/TrainData/mask/image_679.h5
image_3689,/Users/anykong/AAL_SD/data/Landslide4Sense/TrainData/img/image_3689.h5,/Users/anykong/AAL_SD/data/Landslide4Sense/TrainData/mask/image_3689.h5
image_1069,/Users/anykong/AAL_SD/data/Landslide4Sense/TrainData/img/image_1069.h5,/Users/anykong/AAL_SD/data/Landslide4Sense/TrainData/mask/image_1069.h5
image_2312,/Users/anykong/AAL_SD/data/Landslide4Sense/TrainData/img/image_2312.h5,/Users/anykong/AAL_SD/data/Landslide4Sense/TrainData/mask/image_2312.h5
image_1656,/Users/anykong/AAL_SD/data/Landslide4Sense/TrainData/img/image_1656.h5,/Users/anykong/AAL_SD/data/Landslide4Sense/TrainData/mask/image_1656.h5
image_595,/Users/anykong/AAL_SD/data/Landslide4Sense/TrainData/img/image_595.h5,/Users/anykong/AAL_SD/data/Landslide4Sense/TrainData/mask/image_595.h5
image_92,/Users/anykong/AAL_SD/data/Landslide4Sense/TrainData/img/image_92.h5,/Users/anykong/AAL_SD/data/Landslide4Sense/TrainData/mask/image_92.h5
image_1353,/Users/anykong/AAL_SD/data/Landslide4Sense/TrainData/img/image_1353.h5,/Users/anykong/AAL_SD/data/Landslide4Sense/TrainData/mask/image_1353.h5
image_573,/Users/anykong/AAL_SD/data/Landslide4Sense/TrainData/img/image_573.h5,/Users/anykong/AAL_SD/data/Landslide4Sense/TrainData/mask/image_573.h5
image_3235,/Users/anykong/AAL_SD/data/Landslide4Sense/TrainData/img/image_3235.h5,/Users/anykong/AAL_SD/data/Landslide4Sense/TrainData/mask/image_3235.h5
image_2148,/Users/anykong/AAL_SD/data/Landslide4Sense/TrainData/img/image_2148.h5,/Users/anykong/AAL_SD/data/Landslide4Sense/TrainData/mask/image_2148.h5
image_474,/Users/anykong/AAL_SD/data/Landslide4Sense/TrainData/img/image_474.h5,/Users/anykong/AAL_SD/data/Landslide4Sense/TrainData/mask/image_474.h5
image_2351,/Users/anykong/AAL_SD/data/Landslide4Sense/TrainData/img/image_2351.h5,/Users/anykong/AAL_SD/data/Landslide4Sense/TrainData/mask/image_2351.h5
image_3241,/Users/anykong/AAL_SD/data/Landslide4Sense/TrainData/img/image_3241.h5,/Users/anykong/AAL_SD/data/Landslide4Sense/TrainData/mask/image_3241.h5
image_2049,/Users/anykong/AAL_SD/data/Landslide4Sense/TrainData/img/image_2049.h5,/Users/anykong/AAL_SD/data/Landslide4Sense/TrainData/mask/image_2049.h5
image_2107,/Users/anykong/AAL_SD/data/Landslide4Sense/TrainData/img/image_2107.h5,/Users/anykong/AAL_SD/data/Landslide4Sense/TrainData/mask/image_2107.h5
image_2764,/Users/anykong/AAL_SD/data/Landslide4Sense/TrainData/img/image_2764.h5,/Users/anykong/AAL_SD/data/Landslide4Sense/TrainData/mask/image_2764.h5
image_2885,/Users/anykong/AAL_SD/data/Landslide4Sense/TrainData/img/image_2885.h5,/Users/anykong/AAL_SD/data/Landslide4Sense/TrainData/mask/image_2885.h5
image_515,/Users/anykong/AAL_SD/data/Landslide4Sense/TrainData/img/image_515.h5,/Users/anykong/AAL_SD/data/Landslide4Sense/TrainData/mask/image_515.h5
image_1817,/Users/anykong/AAL_SD/data/Landslide4Sense/TrainData/img/image_1817.h5,/Users/anykong/AAL_SD/data/Landslide4Sense/TrainData/mask/image_1817.h5
image_2679,/Users/anykong/AAL_SD/data/Landslide4Sense/TrainData/img/image_2679.h5,/Users/anykong/AAL_SD/data/Landslide4Sense/TrainData/mask/image_2679.h5
image_872,/Users/anykong/AAL_SD/data/Landslide4Sense/TrainData/img/image_872.h5,/Users/anykong/AAL_SD/data/Landslide4Sense/TrainData/mask/image_872.h5
image_3236,/Users/anykong/AAL_SD/data/Landslide4Sense/TrainData/img/image_3236.h5,/Users/anykong/AAL_SD/data/Landslide4Sense/TrainData/mask/image_3236.h5
image_3206,/Users/anykong/AAL_SD/data/Landslide4Sense/TrainData/img/image_3206.h5,/Users/anykong/AAL_SD/data/Landslide4Sense/TrainData/mask/image_3206.h5
image_1897,/Users/anykong/AAL_SD/data/Landslide4Sense/TrainData/img/image_1897.h5,/Users/anykong/AAL_SD/data/Landslide4Sense/TrainData/mask/image_1897.h5
image_1703,/Users/anykong/AAL_SD/data/Landslide4Sense/TrainData/img/image_1703.h5,/Users/anykong/AAL_SD/data/Landslide4Sense/TrainData/mask/image_1703.h5
image_1845,/Users/anykong/AAL_SD/data/Landslide4Sense/TrainData/img/image_1845.h5,/Users/anykong/AAL_SD/data/Landslide4Sense/TrainData/mask/image_1845.h5
image_2723,/Users/anykong/AAL_SD/data/Landslide4Sense/TrainData/img/image_2723.h5,/Users/anykong/AAL_SD/data/Landslide4Sense/TrainData/mask/image_2723.h5
image_327,/Users/anykong/AAL_SD/data/Landslide4Sense/TrainData/img/image_327.h5,/Users/anykong/AAL_SD/data/Landslide4Sense/TrainData/mask/image_327.h5
image_3244,/Users/anykong/AAL_SD/data/Landslide4Sense/TrainData/img/image_3244.h5,/Users/anykong/AAL_SD/data/Landslide4Sense/TrainData/mask/image_3244.h5
image_1743,/Users/anykong/AAL_SD/data/Landslide4Sense/TrainData/img/image_1743.h5,/Users/anykong/AAL_SD/data/Landslide4Sense/TrainData/mask/image_1743.h5
image_873,/Users/anykong/AAL_SD/data/Landslide4Sense/TrainData/img/image_873.h5,/Users/anykong/AAL_SD/data/Landslide4Sense/TrainData/mask/image_873.h5
image_2294,/Users/anykong/AAL_SD/data/Landslide4Sense/TrainData/img/image_2294.h5,/Users/anykong/AAL_SD/data/Landslide4Sense/TrainData/mask/image_2294.h5
image_3234,/Users/anykong/AAL_SD/data/Landslide4Sense/TrainData/img/image_3234.h5,/Users/anykong/AAL_SD/data/Landslide4Sense/TrainData/mask/image_3234.h5
image_3254,/Users/anykong/AAL_SD/data/Landslide4Sense/TrainData/img/image_3254.h5,/Users/anykong/AAL_SD/data/Landslide4Sense/TrainData/mask/image_3254.h5
image_2336,/Users/anykong/AAL_SD/data/Landslide4Sense/TrainData/img/image_2336.h5,/Users/anykong/AAL_SD/data/Landslide4Sense/TrainData/mask/image_2336.h5
image_2802,/Users/anykong/AAL_SD/data/Landslide4Sense/TrainData/img/image_2802.h5,/Users/anykong/AAL_SD/data/Landslide4Sense/TrainData/mask/image_2802.h5
image_2378,/Users/anykong/AAL_SD/data/Landslide4Sense/TrainData/img/image_2378.h5,/Users/anykong/AAL_SD/data/Landslide4Sense/TrainData/mask/image_2378.h5
image_2964,/Users/anykong/AAL_SD/data/Landslide4Sense/TrainData/img/image_2964.h5,/Users/anykong/AAL_SD/data/Landslide4Sense/TrainData/mask/image_2964.h5
image_2270,/Users/anykong/AAL_SD/data/Landslide4Sense/TrainData/img/image_2270.h5,/Users/anykong/AAL_SD/data/Landslide4Sense/TrainData/mask/image_2270.h5
image_3007,/Users/anykong/AAL_SD/data/Landslide4Sense/TrainData/img/image_3007.h5,/Users/anykong/AAL_SD/data/Landslide4Sense/TrainData/mask/image_3007.h5
image_3457,/Users/anykong/AAL_SD/data/Landslide4Sense/TrainData/img/image_3457.h5,/Users/anykong/AAL_SD/data/Landslide4Sense/TrainData/mask/image_3457.h5
image_1487,/Users/anykong/AAL_SD/data/Landslide4Sense/TrainData/img/image_1487.h5,/Users/anykong/AAL_SD/data/Landslide4Sense/TrainData/mask/image_1487.h5
image_2090,/Users/anykong/AAL_SD/data/Landslide4Sense/TrainData/img/image_2090.h5,/Users/anykong/AAL_SD/data/Landslide4Sense/TrainData/mask/image_2090.h5
image_423,/Users/anykong/AAL_SD/data/Landslide4Sense/TrainData/img/image_423.h5,/Users/anykong/AAL_SD/data/Landslide4Sense/TrainData/mask/image_423.h5
image_1702,/Users/anykong/AAL_SD/data/Landslide4Sense/TrainData/img/image_1702.h5,/Users/anykong/AAL_SD/data/Landslide4Sense/TrainData/mask/image_1702.h5
image_1804,/Users/anykong/AAL_SD/data/Landslide4Sense/TrainData/img/image_1804.h5,/Users/anykong/AAL_SD/data/Landslide4Sense/TrainData/mask/image_1804.h5
image_2843,/Users/anykong/AAL_SD/data/Landslide4Sense/TrainData/img/image_2843.h5,/Users/anykong/AAL_SD/data/Landslide4Sense/TrainData/mask/image_2843.h5
image_2929,/Users/anykong/AAL_SD/data/Landslide4Sense/TrainData/img/image_2929.h5,/Users/anykong/AAL_SD/data/Landslide4Sense/TrainData/mask/image_2929.h5
image_684,/Users/anykong/AAL_SD/data/Landslide4Sense/TrainData/img/image_684.h5,/Users/anykong/AAL_SD/data/Landslide4Sense/TrainData/mask/image_684.h5
image_2025,/Users/anykong/AAL_SD/data/Landslide4Sense/TrainData/img/image_2025.h5,/Users/anykong/AAL_SD/data/Landslide4Sense/TrainData/mask/image_2025.h5
image_1742,/Users/anykong/AAL_SD/data/Landslide4Sense/TrainData/img/image_1742.h5,/Users/anykong/AAL_SD/data/Landslide4Sense/TrainData/mask/image_1742.h5
image_3233,/Users/anykong/AAL_SD/data/Landslide4Sense/TrainData/img/image_3233.h5,/Users/anykong/AAL_SD/data/Landslide4Sense/TrainData/mask/image_3233.h5
image_2926,/Users/anykong/AAL_SD/data/Landslide4Sense/TrainData/img/image_2926.h5,/Users/anykong/AAL_SD/data/Landslide4Sense/TrainData/mask/image_2926.h5
image_2310,/Users/anykong/AAL_SD/data/Landslide4Sense/TrainData/img/image_2310.h5,/Users/anykong/AAL_SD/data/Landslide4Sense/TrainData/mask/image_2310.h5
image_3295,/Users/anykong/AAL_SD/data/Landslide4Sense/TrainData/img/image_3295.h5,/Users/anykong/AAL_SD/data/Landslide4Sense/TrainData/mask/image_3295.h5
image_2892,/Users/anykong/AAL_SD/data/Landslide4Sense/TrainData/img/image_2892.h5,/Users/anykong/AAL_SD/data/Landslide4Sense/TrainData/mask/image_2892.h5
image_1927,/Users/anykong/AAL_SD/data/Landslide4Sense/TrainData/img/image_1927.h5,/Users/anykong/AAL_SD/data/Landslide4Sense/TrainData/mask/image_1927.h5
image_343,/Users/anykong/AAL_SD/data/Landslide4Sense/TrainData/img/image_343.h5,/Users/anykong/AAL_SD/data/Landslide4Sense/TrainData/mask/image_343.h5
image_3135,/Users/anykong/AAL_SD/data/Landslide4Sense/TrainData/img/image_3135.h5,/Users/anykong/AAL_SD/data/Landslide4Sense/TrainData/mask/image_3135.h5
image_1924,/Users/anykong/AAL_SD/data/Landslide4Sense/TrainData/img/image_1924.h5,/Users/anykong/AAL_SD/data/Landslide4Sense/TrainData/mask/image_1924.h5
image_2804,/Users/anykong/AAL_SD/data/Landslide4Sense/TrainData/img/image_2804.h5,/Users/anykong/AAL_SD/data/Landslide4Sense/TrainData/mask/image_2804.h5
image_1763,/Users/anykong/AAL_SD/data/Landslide4Sense/TrainData/img/image_1763.h5,/Users/anykong/AAL_SD/data/Landslide4Sense/TrainData/mask/image_1763.h5
image_1994,/Users/anykong/AAL_SD/data/Landslide4Sense/TrainData/img/image_1994.h5,/Users/anykong/AAL_SD/data/Landslide4Sense/TrainData/mask/image_1994.h5
image_2846,/Users/anykong/AAL_SD/data/Landslide4Sense/TrainData/img/image_2846.h5,/Users/anykong/AAL_SD/data/Landslide4Sense/TrainData/mask/image_2846.h5
image_2844,/Users/anykong/AAL_SD/data/Landslide4Sense/TrainData/img/image_2844.h5,/Users/anykong/AAL_SD/data/Landslide4Sense/TrainData/mask/image_2844.h5
image_2189,/Users/anykong/AAL_SD/data/Landslide4Sense/TrainData/img/image_2189.h5,/Users/anykong/AAL_SD/data/Landslide4Sense/TrainData/mask/image_2189.h5
image_2498,/Users/anykong/AAL_SD/data/Landslide4Sense/TrainData/img/image_2498.h5,/Users/anykong/AAL_SD/data/Landslide4Sense/TrainData/mask/image_2498.h5
image_915,/Users/anykong/AAL_SD/data/Landslide4Sense/TrainData/img/image_915.h5,/Users/anykong/AAL_SD/data/Landslide4Sense/TrainData/mask/image_915.h5
image_2805,/Users/anykong/AAL_SD/data/Landslide4Sense/TrainData/img/image_2805.h5,/Users/anykong/AAL_SD/data/Landslide4Sense/TrainData/mask/image_2805.h5
image_344,/Users/anykong/AAL_SD/data/Landslide4Sense/TrainData/img/image_344.h5,/Users/anykong/AAL_SD/data/Landslide4Sense/TrainData/mask/image_344.h5
image_753,/Users/anykong/AAL_SD/data/Landslide4Sense/TrainData/img/image_753.h5,/Users/anykong/AAL_SD/data/Landslide4Sense/TrainData/mask/image_753.h5
image_1447,/Users/anykong/AAL_SD/data/Landslide4Sense/TrainData/img/image_1447.h5,/Users/anykong/AAL_SD/data/Landslide4Sense/TrainData/mask/image_1447.h5
image_2552,/Users/anykong/AAL_SD/data/Landslide4Sense/TrainData/img/image_2552.h5,/Users/anykong/AAL_SD/data/Landslide4Sense/TrainData/mask/image_2552.h5
image_974,/Users/anykong/AAL_SD/data/Landslide4Sense/TrainData/img/image_974.h5,/Users/anykong/AAL_SD/data/Landslide4Sense/TrainData/mask/image_974.h5
image_1691,/Users/anykong/AAL_SD/data/Landslide4Sense/TrainData/img/image_1691.h5,/Users/anykong/AAL_SD/data/Landslide4Sense/TrainData/mask/image_1691.h5
image_2337,/Users/anykong/AAL_SD/data/Landslide4Sense/TrainData/img/image_2337.h5,/Users/anykong/AAL_SD/data/Landslide4Sense/TrainData/mask/image_2337.h5
image_2418,/Users/anykong/AAL_SD/data/Landslide4Sense/TrainData/img/image_2418.h5,/Users/anykong/AAL_SD/data/Landslide4Sense/TrainData/mask/image_2418.h5
image_3225,/Users/anykong/AAL_SD/data/Landslide4Sense/TrainData/img/image_3225.h5,/Users/anykong/AAL_SD/data/Landslide4Sense/TrainData/mask/image_3225.h5
image_3243,/Users/anykong/AAL_SD/data/Landslide4Sense/TrainData/img/image_3243.h5,/Users/anykong/AAL_SD/data/Landslide4Sense/TrainData/mask/image_3243.h5
image_1102,/Users/anykong/AAL_SD/data/Landslide4Sense/TrainData/img/image_1102.h5,/Users/anykong/AAL_SD/data/Landslide4Sense/TrainData/mask/image_1102.h5
image_2417,/Users/anykong/AAL_SD/data/Landslide4Sense/TrainData/img/image_2417.h5,/Users/anykong/AAL_SD/data/Landslide4Sense/TrainData/mask/image_2417.h5
image_2463,/Users/anykong/AAL_SD/data/Landslide4Sense/TrainData/img/image_2463.h5,/Users/anykong/AAL_SD/data/Landslide4Sense/TrainData/mask/image_2463.h5
image_2456,/Users/anykong/AAL_SD/data/Landslide4Sense/TrainData/img/image_2456.h5,/Users/anykong/AAL_SD/data/Landslide4Sense/TrainData/mask/image_2456.h5
image_2884,/Users/anykong/AAL_SD/data/Landslide4Sense/TrainData/img/image_2884.h5,/Users/anykong/AAL_SD/data/Landslide4Sense/TrainData/mask/image_2884.h5
image_2306,/Users/anykong/AAL_SD/data/Landslide4Sense/TrainData/img/image_2306.h5,/Users/anykong/AAL_SD/data/Landslide4Sense/TrainData/mask/image_2306.h5
image_1776,/Users/anykong/AAL_SD/data/Landslide4Sense/TrainData/img/image_1776.h5,/Users/anykong/AAL_SD/data/Landslide4Sense/TrainData/mask/image_1776.h5
image_1407,/Users/anykong/AAL_SD/data/Landslide4Sense/TrainData/img/image_1407.h5,/Users/anykong/AAL_SD/data/Landslide4Sense/TrainData/mask/image_1407.h5
image_1896,/Users/anykong/AAL_SD/data/Landslide4Sense/TrainData/img/image_1896.h5,/Users/anykong/AAL_SD/data/Landslide4Sense/TrainData/mask/image_1896.h5
image_2859,/Users/anykong/AAL_SD/data/Landslide4Sense/TrainData/img/image_2859.h5,/Users/anykong/AAL_SD/data/Landslide4Sense/TrainData/mask/image_2859.h5
image_2296,/Users/anykong/AAL_SD/data/Landslide4Sense/TrainData/img/image_2296.h5,/Users/anykong/AAL_SD/data/Landslide4Sense/TrainData/mask/image_2296.h5
image_3459,/Users/anykong/AAL_SD/data/Landslide4Sense/TrainData/img/image_3459.h5,/Users/anykong/AAL_SD/data/Landslide4Sense/TrainData/mask/image_3459.h5
image_2391,/Users/anykong/AAL_SD/data/Landslide4Sense/TrainData/img/image_2391.h5,/Users/anykong/AAL_SD/data/Landslide4Sense/TrainData/mask/image_2391.h5
image_1732,/Users/anykong/AAL_SD/data/Landslide4Sense/TrainData/img/image_1732.h5,/Users/anykong/AAL_SD/data/Landslide4Sense/TrainData/mask/image_1732.h5
image_3460,/Users/anykong/AAL_SD/data/Landslide4Sense/TrainData/img/image_3460.h5,/Users/anykong/AAL_SD/data/Landslide4Sense/TrainData/mask/image_3460.h5
image_2888,/Users/anykong/AAL_SD/data/Landslide4Sense/TrainData/img/image_2888.h5,/Users/anykong/AAL_SD/data/Landslide4Sense/TrainData/mask/image_2888.h5
image_342,/Users/anykong/AAL_SD/data/Landslide4Sense/TrainData/img/image_342.h5,/Users/anykong/AAL_SD/data/Landslide4Sense/TrainData/mask/image_342.h5
